{
  "871257147": {
    "timer": "2025-02-26 04:13",
    "plan": "VIP Subscribed"
  },
  "6848831319": {
    "plan": "Free - Not Subscribed"
  },
  "6505725294": {
    "timer": "Unknown",
    "plan": "Free - Not Subscribed",
    "language": "ar"
  },
  "6179583127": {
    "plan": "Free - Not Subscribed"
  },
  "1107052874": {
    "plan": "Free - Not Subscribed"
  },
  "5966476083": {
    "plan": "Free - Not Subscribed"
  },
  "6285297157": {
    "plan": "Free - Not Subscribed"
  },
  "7513847332": {
    "plan": "Free - Not Subscribed",
    "language": "ar"
  },
  "5740359200": {
    "plan": "Free - Not Subscribed"
  },
  "6852245600": {
    "plan": "Free - Not Subscribed"
  },
  "6167689564": {
    "plan": "Free - Not Subscribed"
  },
  "6394462351": {
    "plan": "Free - Not Subscribed",
    "language": "ar"
  },
  "7435797688": {
    "plan": "Free - Not Subscribed"
  },
  "6307907194": {
    "plan": "Free - Not Subscribed"
  },
  "6245412885": {
    "timer": "2025-03-09 19:21",
    "plan": "VIP Subscribed"
  },
  "6154037864": {
    "plan": "Free - Not Subscribed"
  },
  "7360995212": {
    "plan": "Free - Not Subscribed"
  },
  "-1001555334737": {
    "plan": "Free - Not Subscribed"
  },
  "5599023668": {
    "plan": "Free - Not Subscribed"
  },
  "1875307153": {
    "plan": "Free - Not Subscribed"
  },
  "7548026530": {
    "plan": "Free - Not Subscribed"
  },
  "209576909": {
    "plan": "Free - Not Subscribed"
  },
  "6233036815": {
    "plan": "Free - Not Subscribed"
  },
  "1839018065": {
    "plan": "Free - Not Subscribed"
  },
  "6155129300": {
    "plan": "Free - Not Subscribed"
  },
  "5268530944": {
    "plan": "Free - Not Subscribed",
    "language": "en"
  },
  "1104251796": {
    "plan": "Free - Not Subscribed"
  },
  "5837050090": {
    "plan": "Free - Not Subscribed"
  },
  "6644572226": {
    "plan": "Free - Not Subscribed",
    "language": "ar"
  },
  "5723334734": {
    "plan": "Free - Not Subscribed"
  },
  "7538137823": {
    "plan": "Free - Not Subscribed"
  },
  "7505825786": {
    "plan": "Free - Not Subscribed"
  },
  "6890681243": {
    "plan": "Free - Not Subscribed",
    "language": "ar"
  },
  "7083808777": {
    "plan": "Free - Not Subscribed"
  },
  "7476649652": {
    "plan": "Free - Not Subscribed",
    "language": "ar"
  },
  "6462987509": {
    "plan": "Free - Not Subscribed",
    "language": "ar"
  },
  "1481697648": {
    "plan": "Free - Not Subscribed"
  },
  "1600953005": {
    "plan": "Free - Not Subscribed"
  },
  "6385782606": {
    "plan": "Free - Not Subscribed"
  },
  "NINJA-2024-WRVF": {
    "plan": "Free - Not Subscribed"
  },
  "NINJA-2024-Y5TD": {
    "plan": "Free - Not Subscribed"
  },
  "1418522621": {
    "plan": "Free - Not Subscribed"
  },
  "7698585526": {
    "plan": "Free - Not Subscribed"
  },
  "7209809192": {
    "plan": "Free - Not Subscribed"
  },
  "5543802142": {
    "plan": "Free - Not Subscribed"
  },
  "1766503323": {
    "plan": "Free - Not Subscribed"
  },
  "6579328286": {
    "plan": "Free - Not Subscribed"
  },
  "1386799654": {
    "plan": "Free - Not Subscribed"
  },
  "5884405670": {
    "plan": "Free - Not Subscribed"
  },
  "7090829843": {
    "plan": "Free - Not Subscribed"
  },
  "7810018213": {
    "plan": "Free - Not Subscribed"
  },
  "6260188200": {
    "plan": "Free - Not Subscribed"
  },
  "6944368668": {
    "plan": "Free - Not Subscribed"
  },
  "7901484247": {
    "timer": "2139-02-21 14:12",
    "plan": "VIP Subscribed",
    "language": "ar"
  },
  "6439204545": {
    "timer": "2036-06-21 14:01",
    "plan": "VIP Subscribed"
  },
  "7354904660": {
    "plan": "Free - Not Subscribed"
  },
  "6045504196": {
    "plan": "Free - Not Subscribed"
  },
  "Abdou-2024-P129": {
    "plan": "Free - Not Subscribed"
  },
  "Abdou-2024-GQE1": {
    "plan": "Free - Not Subscribed"
  },
  "7137477686": {
    "plan": "Free - Not Subscribed"
  },
  "5622702836": {
    "plan": "Free - Not Subscribed"
  },
  "5863585308": {
    "plan": "Free - Not Subscribed"
  },
  "6171790869": {
    "plan": "Free - Not Subscribed"
  },
  "6380021400": {
    "plan": "Free - Not Subscribed"
  },
  "Abdou-2024-0FOL": {
    "plan": "Free - Not Subscribed"
  },
  "Abdou-2024-O21M": {
    "plan": "Free - Not Subscribed"
  },
  "1896077619": {
    "plan": "Free - Not Subscribed"
  },
  "6768966853": {
    "plan": "Free - Not Subscribed"
  },
  "Abdou-2024-4QQN": {
    "plan": "Free - Not Subscribed"
  },
  "Abdou-2024-54E5": {
    "plan": "Free - Not Subscribed"
  },
  "7817352380": {
    "plan": "Free - Not Subscribed"
  },
  "Abdou-2024-NLF9": {
    "plan": "Free - Not Subscribed"
  },
  "5861573860": {
    "plan": "Free - Not Subscribed"
  },
  "5869220506": {
    "plan": "Free - Not Subscribed"
  },
  "6437801380": {
    "plan": "Free - Not Subscribed"
  },
  "7051219023": {
    "plan": "Free - Not Subscribed"
  },
  "5640085157": {
    "plan": "Free - Not Subscribed"
  },
  "6479522719": {
    "plan": "Free - Not Subscribed"
  },
  "7717740661": {
    "plan": "Free - Not Subscribed"
  },
  "1694825697": {
    "plan": "Free - Not Subscribed"
  },
  "7602790282": {
    "plan": "Free - Not Subscribed"
  },
  "7284021313": {
    "plan": "Free - Not Subscribed"
  },
  "6219239298": {
    "plan": "Free - Not Subscribed"
  },
  "7149964723": {
    "timer": "2025-02-12 19:09",
    "plan": "VIP Subscribed"
  },
  "6459622786": {
    "plan": "Free - Not Subscribed"
  },
  "7137477686": {
    "timer": "2025-09-04 16:21",
    "plan": "VIP Subscribed"
  }
}